{
  "token_acc":0.9999195559,
  "token_p":0.9998391248,
  "token_r":0.9996783014,
  "token_f":0.9997587067,
  "ents_p":0.719858156,
  "ents_r":0.8388429752,
  "ents_f":0.7748091603,
  "ents_per_type":{
    "PERSON":{
      "p":0.719858156,
      "r":0.8388429752,
      "f":0.7748091603
    }
  },
  "speed":3469.8004768707
}