{
  "token_acc":0.9999195559,
  "token_p":0.9998391248,
  "token_r":0.9996783014,
  "token_f":0.9997587067,
  "ents_p":0.7158273381,
  "ents_r":0.8223140496,
  "ents_f":0.7653846154,
  "ents_per_type":{
    "PERSON":{
      "p":0.7158273381,
      "r":0.8223140496,
      "f":0.7653846154
    }
  },
  "speed":3348.6381981079
}